indx,lw,sw,press,sph,prec,tair,uw,vw,swe,sm,Qsim,FNF
1980-10-31,240.23932,178.82600,79618.91000,0.30478,0.94762,280.60446,0.42784,0.70576,0.00000,0.51118,0.18878,0.21481
1980-11-30,232.59767,115.50301,79644.26000,0.27386,1.00633,275.83760,1.07634,1.23101,0.00000,0.51053,0.16467,0.52527
1980-12-31,220.20706,95.89497,79484.33000,0.26566,2.61938,273.59006,0.84127,1.87109,7.89586,0.51596,0.15040,0.37980
1981-01-31,234.73952,102.28547,79275.67000,0.31429,5.04817,273.60100,0.65534,1.92887,43.98674,0.54912,0.14538,0.36030
1981-02-28,227.26617,143.35966,79355.16400,0.30228,2.40406,272.32330,1.20657,1.58041,152.87918,0.58492,0.18978,0.79002
1981-03-31,235.66077,187.42024,79017.43000,0.32598,3.26033,273.01013,1.52817,0.60092,138.12007,0.64556,0.41500,0.73721
1981-04-30,238.93172,272.35208,79275.93000,0.37837,1.02506,277.85800,1.52268,0.47369,143.67001,0.68615,1.11138,1.47432
1981-05-31,253.30034,306.55527,79187.78000,0.45930,1.67905,280.45910,2.29996,-0.39219,26.48959,0.71413,1.48157,1.48525
1981-06-30,270.38260,338.47305,79566.09000,0.53837,0.02685,286.98502,2.46185,-0.08327,0.83256,0.66181,0.46162,0.46222
1981-07-31,264.96307,343.12732,79612.20000,0.44619,0.00339,288.51517,2.37023,0.33301,0.00000,0.57500,0.21445,0.11120
1981-08-31,273.80936,304.07962,79641.16400,0.43162,0.01060,290.41095,1.98929,0.42270,0.00000,0.51140,0.15748,0.09928
1981-09-30,274.10250,236.71857,79623.43000,0.44190,0.56898,286.92914,1.70130,-0.15568,0.00000,0.46294,0.13195,0.11565
1981-10-31,248.41504,159.58687,79348.91000,0.38850,3.74109,278.32587,1.13121,0.83539,0.00000,0.44959,0.12499,0.21337
1981-11-30,247.84918,104.17139,79231.27000,0.38277,12.76204,274.75812,1.42252,2.58532,13.25756,0.51920,0.73358,0.30591
1981-12-31,249.81640,81.89838,79302.86000,0.36483,9.67062,273.46854,3.04926,2.48076,99.04934,0.74386,3.31727,0.37366
1982-01-31,216.04861,104.56137,79074.08000,0.24133,6.56352,268.33072,1.98692,1.45805,203.57314,0.75921,1.61186,1.36900
1982-02-28,230.09578,143.36534,79321.40000,0.33661,5.45929,272.19623,1.47001,1.67140,400.68604,0.69415,3.43826,4.33840
1982-03-31,237.83304,184.22798,78803.87500,0.32451,8.70670,271.66022,2.21286,2.37610,327.86887,0.76969,2.81479,2.46110
1982-04-30,232.64261,252.98302,79245.19500,0.33281,6.65036,274.37848,1.81496,2.28248,510.24188,0.72093,4.20641,4.80237
1982-05-31,238.21495,332.76276,79192.46000,0.41244,0.44730,280.59592,1.32259,-0.71428,428.69130,0.78650,6.28961,6.75403
1982-06-30,263.34550,321.24347,79229.51600,0.52728,1.14311,282.74200,1.83369,-0.22150,153.58945,0.74404,3.87327,3.90330
1982-07-31,275.01062,332.61400,79629.89000,0.59265,0.49919,287.66220,2.37467,0.29063,35.02887,0.67782,1.61526,1.69356
1982-08-31,279.59730,294.82895,79734.49000,0.55482,0.23610,288.51382,2.08994,0.86042,1.95090,0.59386,0.40864,0.47475
1982-09-30,263.94116,221.51099,79386.79000,0.46808,3.89698,282.55853,0.81676,-0.21819,0.00000,0.53552,0.25659,0.50773
1982-10-31,244.01207,168.69585,79465.31000,0.37909,5.53413,277.57922,0.60723,1.04985,2.97465,0.59982,0.33416,0.21770
1982-11-30,231.81747,110.33100,78953.53000,0.29347,6.38532,271.99704,1.30308,1.88647,34.15459,0.69118,0.62801,3.09302
1982-12-31,217.52434,90.34325,79098.62500,0.27196,5.52923,269.28296,1.31907,1.46915,185.45753,0.68325,0.63093,3.86043
1983-01-31,231.16884,100.93381,79180.02000,0.29817,5.44137,271.84436,1.05959,2.15225,324.85130,0.67743,0.60128,0.79064
1983-02-28,246.93580,132.56036,78806.48400,0.33644,8.80977,271.79718,2.00131,3.46855,466.40677,0.66907,0.77934,1.02564
1983-03-31,255.31142,175.43073,78643.81000,0.36901,8.31582,272.05072,3.01510,2.54912,654.60570,0.68262,2.22077,3.16293
1983-04-30,246.61629,246.98933,78895.70000,0.34611,3.75598,273.17786,1.25561,0.44569,764.00790,0.71223,2.44006,3.31126
1983-05-31,240.57909,326.86868,79398.74000,0.43191,0.58425,279.82428,1.47655,-0.60930,703.43190,0.75084,6.02014,8.74291
1983-06-30,258.49725,332.76385,79349.17000,0.53271,0.54819,283.62310,2.15857,0.11585,344.20782,0.79962,7.85197,9.19774
1983-07-31,259.77307,339.34125,79576.35000,0.52186,0.25308,286.03275,2.08402,1.02242,73.25539,0.71100,2.63291,3.47305
1983-08-31,285.52438,274.40067,79725.37000,0.61879,1.24247,287.50060,1.56062,1.14984,7.88615,0.61598,0.70515,1.21376
1983-09-30,268.41937,234.82910,79504.31000,0.51984,1.65859,285.26160,1.12614,0.76479,0.40482,0.57351,0.29248,0.37194
1983-10-31,258.28085,170.74794,79591.98000,0.48458,2.36461,281.42380,0.76807,0.51698,0.12451,0.56658,0.23694,1.08379
1983-11-30,253.18526,95.81693,79027.01000,0.38466,13.04198,273.13278,2.52170,2.39062,0.45903,0.58846,0.87281,0.96286
1983-12-31,257.04013,76.61607,79060.45000,0.39006,9.51703,271.90020,3.72397,2.41642,208.54106,0.71696,1.70880,1.00473
1984-01-31,214.19907,109.46278,79703.73400,0.27097,0.41271,272.43933,-1.06188,0.45657,391.76913,0.73424,1.38666,1.70006
1984-02-29,221.99576,140.46535,79289.54000,0.25665,4.38477,271.41553,1.08153,1.62081,389.70547,0.68627,0.77373,1.03500
1984-03-31,237.01488,192.45439,79298.31000,0.34229,2.20873,274.99222,1.35746,0.38804,487.27520,0.67438,1.40315,2.25098
1984-04-30,235.88358,246.30542,79071.39000,0.33193,1.91412,274.84888,2.08815,0.13446,410.87730,0.72908,2.26353,2.69609
1984-05-31,252.95710,320.59915,79441.08000,0.46631,0.66987,282.05110,2.51107,0.62817,323.26157,0.73172,4.74566,4.56514
1984-06-30,257.53787,327.23657,79354.97000,0.48973,1.01552,283.83154,2.17064,-0.02226,78.95636,0.72116,3.10571,2.62894
1984-07-31,286.46637,333.74338,79638.82000,0.58591,0.82099,290.23938,1.28429,0.09077,8.84891,0.63927,0.85126,0.83469
1984-08-31,279.68973,284.74866,79635.64000,0.51632,0.13509,288.57390,1.94544,1.29546,0.00000,0.56596,0.27561,0.30615
1984-09-30,262.40356,240.17253,79495.08000,0.44850,0.22617,285.83698,1.31662,0.81355,0.00000,0.51197,0.20097,0.26002
1984-10-31,247.04204,163.04567,79335.65000,0.40293,2.12751,277.32355,1.85522,0.15356,0.00056,0.48299,0.17524,0.65815
1984-11-30,247.76752,99.63880,79076.12000,0.33757,7.92619,272.18243,2.45920,3.02803,0.37816,0.52251,0.17321,3.02177
1984-12-31,211.25168,95.37794,78928.45000,0.24740,1.19080,268.65875,0.63593,0.92345,162.97562,0.57951,0.17784,2.81021
1985-01-31,208.90717,111.22845,79531.50000,0.25259,0.50776,270.50388,-0.88035,0.37494,195.61037,0.57617,0.16214,0.43900
1985-02-28,216.70883,153.15971,79311.14000,0.26384,3.44461,271.19635,0.60114,0.53716,204.12842,0.57392,0.15297,0.54408
1985-03-31,221.27771,193.95003,79035.68000,0.28652,5.15405,270.94113,1.92522,0.66695,260.87160,0.59677,0.19618,0.89678
1985-04-30,236.23340,273.80002,79424.76000,0.36977,0.33487,278.97340,1.38011,0.33889,368.49115,0.62067,1.67197,3.33476
1985-05-31,237.01395,326.79510,79193.28000,0.39932,0.02968,280.08310,2.40852,0.77127,84.41896,0.75428,2.61500,2.54233
1985-06-30,270.31403,329.50638,79555.27000,0.52797,0.34228,287.19037,1.10473,-0.15501,3.47183,0.66265,0.66128,0.96734
1985-07-31,284.37540,329.05896,79717.05000,0.54024,0.23532,289.53915,2.08993,0.29766,0.00000,0.58158,0.25701,0.32276
1985-08-31,267.86566,298.65836,79663.72000,0.44412,0.11884,287.66000,1.93481,0.79735,0.00000,0.51869,0.18268,0.17979
1985-09-30,261.79938,212.84180,79362.51000,0.42829,1.70731,281.94342,1.03812,0.34708,0.00000,0.47683,0.15374,0.20108
1985-10-31,241.00043,172.45950,79405.41000,0.35105,1.15805,279.14212,0.61646,0.74958,0.00000,0.48740,0.13488,0.32889
1985-11-30,236.50629,108.68152,78954.24000,0.30832,5.27287,271.62970,2.87069,1.10368,0.00000,0.49326,0.12150,0.71702
1985-12-31,213.14070,93.81484,79530.45000,0.25050,3.15682,270.85367,-0.19492,1.27159,145.12190,0.49556,0.11968,0.46933
1986-01-31,239.58778,100.71835,79450.93000,0.31347,4.14721,274.32242,1.23468,3.11474,203.20795,0.52703,0.12405,0.99801
1986-02-28,235.40178,142.33310,78952.04000,0.35010,19.20460,272.49570,2.90556,3.22606,252.84250,0.58259,1.83780,5.31180
1986-03-31,238.67654,203.50511,79238.76000,0.37949,5.37301,275.94373,1.56035,1.67572,588.67267,0.67135,2.66558,5.57114
1986-04-30,233.99236,267.57855,79146.11000,0.36567,1.18782,276.14374,1.92254,0.54358,513.87370,0.74727,3.57020,3.97515
1986-05-31,247.88335,307.83038,79157.24000,0.40444,0.72855,280.24765,1.82883,0.21268,327.97137,0.76252,5.06953,3.80786
1986-06-30,262.92640,339.10812,79477.28000,0.51666,0.36620,286.24023,1.71125,0.15406,108.51442,0.73359,4.09058,2.79264
1986-07-31,269.98135,337.73987,79630.76600,0.53285,0.24631,286.99700,2.45676,0.13715,6.72628,0.63727,0.76743,0.77310
1986-08-31,279.92087,291.06116,79677.72000,0.47559,0.00682,289.64716,2.13328,0.54084,0.00000,0.56197,0.27116,0.26784
1986-09-30,252.16486,227.29520,79255.01000,0.39064,2.44759,280.93347,2.04679,0.92076,0.00000,0.50383,0.20074,0.28856
1986-10-31,235.95674,179.10860,79549.11000,0.36016,0.10263,279.61652,-0.52189,0.00717,14.64450,0.52782,0.18026,0.22185
1986-11-30,222.17493,123.81420,79634.83600,0.28322,0.39991,275.86813,0.84957,0.42587,0.00000,0.51888,0.16277,0.30770
1986-12-31,219.04457,92.54214,79414.12000,0.24886,0.69088,272.63464,-0.16514,1.20850,5.32651,0.51260,0.14546,0.39658
1987-01-31,213.32686,106.87165,79222.99000,0.24228,3.06885,268.94910,0.63823,1.29738,15.32155,0.51579,0.13127,0.31496
1987-02-28,217.18970,146.87387,79030.64000,0.25539,4.39293,270.95743,0.34418,0.69759,96.51457,0.52144,0.12551,0.52133
1987-03-31,228.40500,192.54172,78975.90000,0.28763,3.59985,272.42496,1.74251,0.95798,157.00026,0.56850,0.17946,0.73620
1987-04-30,237.73183,274.58167,79405.10000,0.34234,0.50114,280.15573,1.31428,0.73072,164.28262,0.63246,1.03005,1.71506
1987-05-31,256.59543,311.95566,79252.01600,0.44353,0.77267,281.63095,1.60544,0.05023,6.15130,0.68930,0.91527,1.43937
1987-06-30,263.53735,338.22437,79538.96000,0.45802,0.48600,286.35080,0.96347,0.15910,0.00000,0.61907,0.26454,0.41089
1987-07-31,264.79626,331.77533,79340.20000,0.42774,0.08370,286.37466,2.25246,0.50535,0.00000,0.55401,0.16174,0.14127
1987-08-31,272.34770,298.13425,79636.35000,0.37263,0.00970,289.00552,1.33098,-0.17114,0.00000,0.50060,0.12340,0.11271
1987-09-30,254.89290,247.28006,79689.97000,0.31011,0.00643,286.81583,0.78349,-0.35485,0.00000,0.45567,0.10457,0.12759
1987-10-31,252.89427,172.68762,79642.41000,0.33978,0.91300,282.75460,-0.37588,0.19413,0.00000,0.42891,0.09473,0.38965
1987-11-30,233.11331,113.97876,79416.78000,0.34091,1.51598,274.58780,0.67206,0.69254,0.00000,0.43521,0.08379,0.32822
1987-12-31,224.34575,85.22166,79006.76600,0.27676,4.94981,268.47128,0.95074,1.57408,2.58026,0.46394,0.07834,0.32084
1988-01-31,229.88016,100.33392,79339.49000,0.27921,3.87550,270.36210,1.19120,1.70798,115.70937,0.49652,0.07683,0.33669
1988-02-29,204.34494,163.64708,79570.07000,0.24714,0.25859,273.33173,-1.12971,0.09325,218.33678,0.50499,0.07803,0.34602
1988-03-31,212.06738,223.93549,79537.24000,0.28097,0.33099,274.64462,1.00055,-0.44561,146.64992,0.56502,0.20188,0.69259
1988-04-30,242.03682,261.93445,79116.27000,0.35406,1.39381,277.24820,2.07000,1.13473,46.36060,0.63176,0.49602,0.92082
1988-05-31,245.87415,306.42288,79305.30500,0.38247,1.07752,279.56330,2.24116,0.89955,14.61128,0.63200,0.53926,0.94346
1988-06-30,270.73746,323.15894,79412.69500,0.51900,0.94085,285.08447,1.87284,0.84164,3.02124,0.59937,0.31870,0.49896
1988-07-31,284.38422,335.79938,79756.62000,0.54398,0.35070,290.77087,1.69597,-0.29087,0.00000,0.55036,0.12881,0.12661
1988-08-31,284.93692,297.94340,79564.76600,0.48811,0.08053,290.21994,1.48280,-0.38000,0.00000,0.49281,0.08693,0.05289
1988-09-30,255.49068,245.42027,79611.99000,0.34197,0.11042,286.35983,0.21492,-0.04967,0.00000,0.44765,0.07159,0.13244
1988-10-31,244.36761,185.03368,79683.43000,0.31310,0.17260,284.12616,-0.02195,0.46727,0.00000,0.42346,0.06343,0.17369
1988-11-30,249.30203,95.84520,79264.23000,0.37344,8.02765,273.46436,3.61783,2.24797,0.00000,0.41019,0.06293,0.22909
1988-12-31,215.26976,88.17889,79340.51000,0.23757,3.56423,269.46698,0.08087,0.73623,158.08604,0.48096,0.05711,0.33864
1989-01-31,208.57600,109.25741,79492.47000,0.23967,1.79629,269.48890,0.50333,0.89813,251.98451,0.48830,0.05722,0.30568
1989-02-28,224.91652,133.20910,79234.41400,0.28518,3.61668,269.03824,1.46311,1.78534,303.59793,0.48695,0.06395,0.62946
1989-03-31,255.43320,174.47342,79131.83000,0.39880,8.92348,274.44140,3.33823,3.17859,333.41235,0.54730,0.77306,3.02791
1989-04-30,240.74811,265.70895,79388.76600,0.37750,1.62178,279.04477,1.84145,1.06252,321.79486,0.71990,3.07224,3.58307
1989-05-31,250.14738,319.41882,79345.75000,0.45052,0.82387,280.43683,2.12341,0.17351,142.10742,0.74180,3.14336,2.65966
1989-06-30,266.74448,334.76220,79503.51000,0.56409,1.27147,285.88318,1.49765,-0.18928,25.97165,0.68376,1.49898,1.82235
1989-07-31,268.18400,344.17545,79773.01600,0.52134,0.00127,289.11945,2.69948,1.62638,0.31916,0.61237,0.34521,0.37666
1989-08-31,262.70780,298.74880,79500.45000,0.47649,1.32757,286.79530,2.21274,0.58069,0.00000,0.53700,0.20910,0.23156
1989-09-30,259.59473,233.08652,79464.33000,0.42776,2.48008,284.64310,0.30304,0.79854,0.00000,0.51209,0.16873,0.26017
1989-10-31,234.51997,170.40312,79536.50000,0.33117,3.72241,278.94860,0.72643,1.47670,0.00000,0.53546,0.16658,0.14311
1989-11-30,220.45586,123.83688,79572.39000,0.26283,2.31973,275.95850,0.29442,0.99621,19.00128,0.59011,0.21682,0.41182
1989-12-31,207.59084,103.63183,79705.32000,0.23198,0.00089,273.76297,-0.52510,0.38109,59.55412,0.59762,0.24799,0.33694
1990-01-31,220.50276,106.92150,79213.39000,0.27691,3.53758,271.11276,1.99804,1.48241,20.20039,0.61976,0.28232,0.42085
1990-02-28,212.39574,151.13806,79160.04000,0.23061,4.34727,268.86447,1.28074,0.96448,92.47657,0.63621,0.24530,0.38112
1990-03-31,231.19698,204.54022,79250.74000,0.31060,1.64080,274.79360,1.27956,0.42605,202.72530,0.62846,0.62157,1.14650
1990-04-30,247.24551,266.30023,79237.58000,0.41885,1.48902,278.98904,2.07756,-0.62895,79.23932,0.73587,2.06391,2.24021
1990-05-31,249.24791,298.43988,79134.67000,0.40951,2.40448,279.26755,2.18920,0.79425,3.49973,0.70580,0.79631,1.34842
1990-06-30,253.08943,341.62970,79480.26000,0.46176,0.34632,284.36246,2.34838,0.94126,10.77709,0.66983,0.53821,0.86408
1990-07-31,282.91556,330.67102,79666.06000,0.59466,0.44533,289.39862,2.12045,0.33470,0.00000,0.59862,0.23676,0.19961
1990-08-31,276.43410,298.38556,79706.55500,0.52928,0.51109,288.28824,1.94883,0.59054,0.00000,0.53542,0.16542,0.11120
1990-09-30,263.70070,240.88448,79656.20000,0.41566,1.18863,286.11410,0.52231,0.38696,0.00000,0.49605,0.13613,0.17814
1990-10-31,243.36758,181.60081,79614.41400,0.33424,0.42577,281.85834,1.19909,1.06425,0.00000,0.49396,0.11805,0.38290
1990-11-30,224.57060,122.61710,79529.23000,0.24750,0.87353,275.11258,0.66646,0.25659,0.07883,0.47360,0.10628,0.38798
1990-12-31,199.94997,98.96505,79192.73400,0.18751,1.27050,268.39404,1.20462,0.69794,14.33303,0.47618,0.09665,0.33532
1991-01-31,210.94983,110.62647,79487.78000,0.23406,0.23070,272.48940,0.42587,0.27324,35.62487,0.48674,0.08953,0.18178
1991-02-28,226.98973,149.97612,79478.18000,0.27271,1.34294,275.78540,0.29696,0.99316,7.17769,0.51488,0.08534,0.21720
1991-03-31,236.71956,186.22620,78643.48400,0.31262,10.93894,270.97244,2.16034,2.29705,5.09724,0.53531,0.15344,0.77071
1991-04-30,228.48395,265.80220,79278.44500,0.31679,0.77779,275.28748,2.55572,-0.10971,220.80687,0.62883,0.71485,1.16439
1991-05-31,249.32126,292.69067,79095.76600,0.37372,1.81883,277.58026,2.80648,-0.43210,60.36233,0.71039,1.38001,1.82905
1991-06-30,246.91551,335.98685,79303.41400,0.41474,0.58411,283.17087,2.64075,0.54689,19.22614,0.67600,0.88672,1.45220
1991-07-31,274.71408,341.07733,79720.65000,0.54609,0.57486,289.79980,1.65048,0.10134,0.15791,0.61336,0.29644,0.33037
1991-08-31,275.65445,291.97562,79761.54000,0.50094,0.97009,288.55664,2.42178,0.78037,0.00000,0.54143,0.16932,0.18055
1991-09-30,261.94098,247.16962,79699.12000,0.40078,0.58303,287.43597,0.30539,0.03307,0.00000,0.50433,0.12986,0.15101
1991-10-31,245.37814,178.08287,79580.49000,0.31515,2.59307,282.52230,0.58857,0.36696,0.00000,0.47677,0.11993,0.17961
1991-11-30,234.21893,115.22702,79577.17000,0.33166,2.35433,275.88184,0.76296,0.03420,13.48657,0.51713,0.10203,0.16937
1991-12-31,215.25696,97.21515,79299.13000,0.23827,1.63043,272.16794,-0.27416,1.32340,37.60867,0.54567,0.10437,0.17066
1992-01-31,214.44907,111.27781,79374.00000,0.25690,0.66766,272.31244,0.11813,1.42985,70.37703,0.55273,0.10318,0.22246
1992-02-29,243.45447,131.68402,79135.83600,0.35093,5.57825,274.03530,0.20652,2.53338,64.14504,0.56748,0.14538,0.48217
1992-03-31,239.45602,201.48572,78966.71000,0.36079,1.70873,275.68408,0.44750,0.51631,111.24676,0.65666,0.47760,0.78638
1992-04-30,244.96536,269.18167,79355.25000,0.36808,0.67763,279.64755,2.25126,1.27719,55.27811,0.69252,1.14991,1.58423
1992-05-31,253.98132,333.91684,79379.53000,0.43827,0.20481,284.40380,0.86892,-0.78213,2.67980,0.65386,0.51125,0.95213
1992-06-30,267.90973,320.34106,79248.98000,0.48900,1.17911,284.97513,2.13506,-0.02431,0.00000,0.58056,0.18604,0.18933
1992-07-31,272.91888,338.23862,79595.04000,0.54167,0.34193,287.71286,2.38728,0.13593,0.00127,0.54626,0.13145,0.14112
1992-08-31,278.56150,297.58900,79797.40000,0.44011,0.47845,289.96597,1.69936,0.42269,0.00000,0.48897,0.10618,0.10509
1992-09-30,259.79248,244.61292,79566.09000,0.36533,0.24634,286.58298,1.02242,0.49458,0.00000,0.45141,0.09207,0.12397
1992-10-31,254.39716,168.36603,79471.52000,0.37618,2.91119,281.81050,0.94459,0.92787,0.00000,0.42633,0.08166,0.18806
1992-11-30,231.29323,112.39603,79560.55000,0.29026,0.42701,274.64840,0.43916,0.11670,18.46333,0.47469,0.07357,0.28337
1992-12-31,220.67914,89.42339,78959.05000,0.26045,10.09062,269.13995,1.52372,2.39135,3.92619,0.48892,0.07690,0.23878
1993-01-31,224.76747,105.18820,78784.69000,0.27110,8.53649,268.64960,1.27272,2.49351,291.14844,0.50651,0.07823,0.49460
1993-02-28,234.73776,144.96852,78808.71000,0.30948,7.97788,270.22480,0.89940,2.23464,549.91340,0.50604,0.09169,0.49987
1993-03-31,257.94647,190.41751,79531.64000,0.43788,3.17717,276.47840,1.42224,1.33380,758.68097,0.50905,0.81992,2.72710
1993-04-30,243.47768,253.86030,79257.03000,0.37496,1.46861,276.17926,2.44241,0.91861,542.37146,0.73746,4.19410,4.11647
1993-05-31,254.32417,312.48150,79233.25000,0.49655,1.49903,280.92910,1.70818,1.46175,290.36130,0.78096,5.69713,6.01039
1993-06-30,256.14908,327.05594,79355.14000,0.49505,1.20351,283.16852,1.71574,0.54448,63.00273,0.72883,2.86632,3.48593
1993-07-31,261.12347,340.83148,79489.82000,0.55030,0.02796,286.33932,2.36407,-0.16969,7.87123,0.65299,0.79761,1.11665
1993-08-31,270.63385,293.91495,79609.41400,0.52025,0.03660,287.51718,1.70613,0.38196,0.00000,0.57308,0.27561,0.33510
1993-09-30,252.00590,247.09921,79646.86000,0.39701,0.05575,285.76730,0.75247,-0.05461,0.00000,0.52154,0.20332,0.23633
1993-10-31,255.80086,165.67276,79604.52000,0.41288,1.92554,280.91086,0.20753,0.16098,0.00000,0.49070,0.17838,0.15051
1993-11-30,224.86937,120.22822,79422.44000,0.25987,1.50581,274.55500,0.57404,0.69663,0.00000,0.51550,0.15359,0.20052
1993-12-31,221.91779,94.76803,79400.27000,0.28405,2.18602,271.53763,0.78096,2.04551,18.73625,0.52517,0.14188,0.27387
1994-01-31,219.83350,108.66579,79558.86000,0.26151,1.09837,272.86945,0.27337,1.14357,55.89824,0.54860,0.13723,0.23853
1994-02-28,231.53824,137.07360,78993.54000,0.28038,5.58379,270.82160,1.79664,2.37644,56.21018,0.57071,0.13546,0.26125
1994-03-31,231.09673,212.19305,79354.28000,0.33280,1.21206,276.36267,0.82880,0.87890,171.57932,0.59434,0.32904,0.71114
1994-04-30,246.79600,262.58325,79215.74000,0.36823,0.83144,277.64465,2.23676,0.49471,69.55607,0.67494,0.87613,1.07411
1994-05-31,261.29614,307.68220,79189.44000,0.47926,1.33620,281.15730,2.26515,0.09560,15.57007,0.66071,0.87296,1.21799
1994-06-30,258.53955,339.93677,79541.15000,0.46805,0.02692,285.99106,2.64742,1.53966,0.40942,0.61302,0.30572,0.40794
1994-07-31,281.79388,339.26953,79737.73000,0.54489,0.01899,290.95870,1.94399,-0.12896,0.00000,0.54631,0.16372,0.11181
1994-08-31,273.18590,303.49860,79742.67000,0.44201,0.00000,290.05157,2.64609,1.52015,0.00000,0.48546,0.12560,0.09221
1994-09-30,261.02185,240.42267,79596.42000,0.39083,0.56974,285.55478,0.65345,0.23303,0.00000,0.44255,0.10759,0.12736
1994-10-31,236.93810,181.43604,79255.79000,0.33593,0.73352,279.19840,1.12090,-0.11496,0.00000,0.43409,0.09553,0.28109
1994-11-30,234.46251,102.04124,79064.19500,0.29573,6.41894,270.21085,2.33558,1.36807,0.00000,0.43347,0.08707,0.22757
1994-12-31,231.82808,88.07136,79172.22000,0.30689,3.72005,271.08875,1.37542,2.09036,144.37068,0.47096,0.08563,0.29178
1995-01-31,261.28647,87.54946,78798.17000,0.37763,12.60900,271.46140,1.60955,3.98640,228.49832,0.49443,0.14340,1.30070
1995-02-28,225.79115,158.06882,79518.62000,0.31732,1.39544,276.21207,1.36047,1.12877,498.21478,0.58329,0.44787,1.33405
1995-03-31,243.16782,184.74411,78912.41400,0.36183,13.66176,272.83700,1.78827,2.96903,437.55002,0.64188,2.74057,4.26033
1995-04-30,241.87883,242.73820,79056.43000,0.36046,4.22566,274.77502,2.79033,1.00491,606.27844,0.72286,3.10153,3.58516
1995-05-31,262.51890,287.01767,79042.50000,0.47200,3.36323,278.82200,2.35160,-0.58187,505.81738,0.77077,6.28622,6.77086
1995-06-30,261.37622,317.13318,79427.92000,0.53347,1.14878,282.77908,1.79794,0.33703,279.81354,0.77182,5.29127,6.39981
1995-07-31,271.48938,339.67023,79750.36000,0.64348,0.34576,287.50406,1.60682,0.83174,98.59987,0.70893,3.08679,3.29997
1995-08-31,268.86868,302.74588,79504.60000,0.57823,0.01045,288.23970,1.95254,1.31576,9.24480,0.62321,0.79053,0.79876
1995-09-30,264.73030,244.01556,79646.39000,0.53942,0.00252,286.58966,1.25122,0.44760,0.20348,0.55561,0.27483,0.31132
1995-10-31,243.69257,183.34924,79588.65000,0.37441,0.00000,281.92170,0.60505,0.37783,0.00000,0.51925,0.20102,0.15380
1995-11-30,241.97470,124.73559,79696.41000,0.41529,0.60098,279.09790,1.77461,1.07902,0.00000,0.49941,0.17011,0.23995
1995-12-31,244.65370,83.61258,79313.97000,0.37941,6.46127,272.96613,2.09418,2.15791,0.83467,0.50350,0.30831,0.31344
1996-01-31,247.34654,96.72893,79240.58000,0.34513,9.09528,272.78950,3.23615,2.38954,42.21776,0.63752,0.45485,0.67226
1996-02-29,246.60390,129.77347,79099.22000,0.37067,9.89881,273.35030,1.72062,2.71552,277.84845,0.64722,2.13415,2.80033
1996-03-31,234.99991,195.90650,79226.14000,0.33792,4.32907,274.44022,1.60560,0.95446,347.41977,0.73517,2.54673,2.32738
1996-04-30,244.75740,250.13084,79386.16400,0.38481,2.88615,277.17563,1.94043,1.39515,338.00990,0.74395,3.92162,3.98963
1996-05-31,255.76913,298.07864,79294.94500,0.48071,4.30812,280.24180,3.10190,0.81696,182.94333,0.76858,5.41406,6.32033
1996-06-30,264.21810,333.45587,79475.58600,0.54776,0.43529,285.54062,1.97337,0.49218,51.14686,0.73346,2.12318,2.56194
1996-07-31,287.24660,334.44100,79763.92000,0.66299,0.37940,290.74792,1.89325,0.03486,1.72016,0.64428,0.51605,0.75414
1996-08-31,275.07260,298.70255,79742.71000,0.51566,0.30503,289.82560,1.35137,0.67539,0.00000,0.56025,0.25535,0.18954
1996-09-30,254.64212,240.17888,79445.01600,0.41435,0.74677,284.83260,1.18385,0.30693,0.00000,0.50841,0.20216,0.09793
1996-10-31,246.53603,167.56963,79415.19500,0.35543,1.20345,279.59222,0.97697,-0.03716,0.00000,0.49290,0.17145,0.26023
1996-11-30,240.43170,110.17896,79405.58000,0.35907,4.76921,275.76114,1.52211,1.37292,11.79687,0.49356,0.16754,0.25756
1996-12-31,245.83905,79.48344,79089.34000,0.35207,16.43700,272.47050,3.55098,3.73291,13.61976,0.61329,0.67497,0.87635
1997-01-31,237.50195,98.99618,79149.27000,0.33464,14.38630,271.71237,1.46793,1.77177,322.74050,0.72960,6.50453,7.71230
1997-02-28,225.71133,146.53906,79415.58600,0.30011,0.84494,272.48580,-0.14561,-0.44175,468.75925,0.73785,1.88565,1.65574
1997-03-31,234.49506,208.23483,79407.76000,0.33770,0.81954,276.52258,2.11145,1.29078,444.51690,0.70781,2.30438,2.93660
1997-04-30,240.98364,258.86917,79251.55000,0.38530,0.87100,276.41296,1.63356,-0.24214,273.16156,0.76884,3.66921,3.89073
1997-05-31,259.30370,315.29944,79471.08000,0.49071,0.39786,283.12756,2.29890,0.50496,127.36929,0.73967,3.33019,3.90862
1997-06-30,266.94952,319.02548,79213.56000,0.56336,1.49076,284.07224,2.16083,0.27571,22.37701,0.66313,1.40561,1.85544
1997-07-31,277.88640,329.84103,79626.22000,0.56603,0.10185,288.30554,1.33791,0.17779,0.64312,0.60468,0.37882,0.56157
1997-08-31,275.69525,299.26187,79705.94000,0.53390,0.01146,288.93484,2.13179,1.18834,0.00000,0.53640,0.22199,0.22033
1997-09-30,268.26710,237.27725,79469.84000,0.50321,0.25642,285.69373,0.84292,1.45711,0.00000,0.48773,0.17881,0.18060
1997-10-31,238.78450,174.24214,79418.20000,0.34762,1.15833,279.50317,1.53966,0.68269,0.00000,0.46637,0.16297,0.20604
1997-11-30,246.27527,109.35654,79132.48400,0.35990,2.63807,275.75223,1.30832,2.02360,0.00000,0.47590,0.14005,0.72175
1997-12-31,215.00291,95.36298,79306.21000,0.26266,2.55698,270.23610,-0.71838,0.64326,26.11050,0.51499,0.13015,1.82801
1998-01-31,252.05750,90.46727,78894.84000,0.35610,7.81521,271.96893,2.89684,3.40641,96.04631,0.51663,0.14130,0.77649
1998-02-28,249.30116,124.35834,78528.94500,0.34308,11.89498,270.39856,1.95049,2.94139,241.97775,0.59608,0.21980,0.68717
1998-03-31,241.09625,190.68243,78951.21000,0.35166,4.53904,273.92642,1.40405,0.74059,544.95245,0.60044,0.99643,2.35124
1998-04-30,242.48530,244.56184,79134.26600,0.34695,2.38345,274.82828,1.36326,0.72912,471.15704,0.72442,2.02253,3.04009
1998-05-31,261.62396,250.07765,79048.51600,0.44017,2.43399,276.49710,2.44900,0.83988,368.47590,0.75838,4.51691,4.48359
1998-06-30,265.68670,324.88507,79341.80000,0.57779,1.33193,283.04214,1.57345,-0.72678,204.72560,0.74588,4.48919,5.43209
1998-07-31,277.36554,335.97342,79666.01600,0.62091,0.11816,289.48825,2.05131,0.15497,46.14206,0.69215,1.96707,2.04383
1998-08-31,274.11288,301.87160,79785.55000,0.52727,0.44825,290.13004,1.30236,0.63119,1.35266,0.59653,0.42543,0.38507
1998-09-30,277.60770,225.68427,79340.96000,0.58674,3.34753,285.57166,-0.49457,-0.45766,0.00000,0.53625,0.27058,0.38194
1998-10-31,232.26544,179.10567,79424.66000,0.35401,0.85810,278.41560,-0.01853,0.01885,0.00000,0.57080,0.21134,0.26210
1998-11-30,247.01996,104.00807,79190.98400,0.35050,5.76740,273.84772,2.65144,2.63341,0.08488,0.56241,0.20514,0.30788
1998-12-31,218.76923,94.17234,79487.81000,0.26000,2.63034,270.54600,1.30558,1.01921,89.04655,0.62407,0.27131,0.32124
1999-01-31,229.95819,100.92696,79310.68000,0.27414,7.52902,272.38220,1.61424,1.63471,139.23436,0.63841,0.31839,0.65504
1999-02-28,239.43063,132.35890,79218.65000,0.31568,10.10786,271.24844,3.05648,3.12520,326.15686,0.65731,0.56862,0.74073
1999-03-31,232.18000,200.23438,78995.75000,0.32808,2.95573,273.46085,2.22545,1.78197,541.69870,0.67668,1.65313,1.98198
1999-04-30,238.88600,247.38916,79073.35000,0.33082,3.17352,274.32770,1.29539,-1.16349,469.47310,0.73562,2.68173,3.29317
1999-05-31,243.15611,320.83730,79241.41000,0.42879,0.80638,280.18450,2.13438,-0.91393,367.30140,0.76894,5.38864,5.94830
1999-06-30,262.01926,324.94064,79316.77000,0.50416,0.66736,284.35306,2.47773,-0.24517,110.89316,0.74631,3.59732,4.11863
1999-07-31,269.37100,343.20688,79581.51000,0.51016,0.05646,288.64093,2.10240,0.37942,14.96291,0.65749,1.07545,1.09823
1999-08-31,271.04602,293.80634,79548.29000,0.49194,0.88502,287.24692,1.51923,0.37144,0.00000,0.56716,0.30918,0.39287
1999-09-30,257.59110,244.71252,79499.15000,0.36169,0.30947,286.48486,-0.66049,-0.76789,0.00000,0.52635,0.21690,0.27834
1999-10-31,235.87366,185.12964,79734.33600,0.27625,1.56828,282.89413,-0.10583,1.13755,0.00000,0.49421,0.19225,0.30882
1999-11-30,239.54002,115.44895,79519.61000,0.33267,2.06080,277.34308,1.60587,2.20330,0.00012,0.51550,0.16239,0.54187
1999-12-31,211.21940,97.47459,79796.19500,0.23323,0.94113,272.51987,0.08222,0.28267,8.69677,0.54534,0.15694,0.52081
2000-01-31,236.94528,92.50674,79341.52000,0.32073,8.99217,271.82740,2.36778,2.27376,16.79582,0.55562,0.17304,0.62713
2000-02-29,254.02550,126.77103,79071.85000,0.34696,9.20844,273.18210,1.90291,3.21032,223.97635,0.60932,0.39059,1.06287
2000-03-31,227.80501,208.11375,79200.20000,0.31078,1.09828,274.63904,0.69101,0.07289,389.02704,0.66627,0.96624,1.52948
2000-04-30,239.74713,270.84630,79376.42000,0.37593,1.64585,278.57333,1.60446,0.85672,271.07123,0.73009,3.56796,3.18315
2000-05-31,255.71208,309.60712,79298.26600,0.46277,1.89554,281.38928,2.95454,0.80960,84.59667,0.73800,2.72277,3.27095
2000-06-30,265.47348,338.34946,79561.60000,0.50799,0.25702,287.21588,1.27932,-0.20969,16.81723,0.67701,1.10619,1.46601
2000-07-31,259.65985,343.50577,79623.65000,0.42332,0.01712,287.90622,2.58075,0.58124,0.00000,0.58989,0.31164,0.33712
2000-08-31,278.28260,297.63138,79631.28000,0.48029,0.04468,289.63360,2.17503,0.41019,0.00000,0.52181,0.20474,0.20405
2000-09-30,257.59763,236.98347,79438.86000,0.41900,0.77907,284.83127,0.75132,0.33500,0.00000,0.47423,0.16900,0.23253
2000-10-31,242.72273,171.16621,79264.99000,0.33467,1.99743,279.26114,0.77480,0.39765,0.00000,0.45970,0.14625,0.32900
2000-11-30,226.10728,112.95248,79394.16400,0.28088,1.21366,273.15770,0.79243,0.14592,22.86878,0.47493,0.13326,0.34661
2000-12-31,220.79100,96.89667,79572.10000,0.25330,0.99100,273.70197,0.90441,1.12964,13.30549,0.50833,0.12257,0.32344
2001-01-31,215.50014,110.52665,79296.19000,0.24074,1.80443,270.72495,-0.34774,0.88861,21.07672,0.52177,0.11527,0.23770
2001-02-28,223.44751,144.91005,78967.32000,0.28636,3.87645,270.20935,0.22290,1.46548,65.58607,0.52706,0.10956,0.29266
2001-03-31,240.37872,203.38196,79254.66400,0.37039,1.81100,276.63165,0.49049,-0.36752,146.79161,0.54244,0.18939,0.83664
2001-04-30,234.75530,261.33224,79083.14000,0.32633,2.59886,275.19430,2.53438,0.62796,41.13070,0.66296,0.60364,1.16528
2001-05-31,254.80383,326.19815,79559.46000,0.42511,0.13881,284.83640,0.54650,-0.26357,28.36378,0.66907,0.92440,1.76078
2001-06-30,263.49410,329.69385,79520.47000,0.43726,0.03510,286.48087,2.67175,0.93914,0.00000,0.59493,0.25096,0.24088
2001-07-31,276.59750,337.71066,79575.31000,0.48702,0.17225,289.20444,2.49832,0.23561,0.00000,0.53284,0.14130,0.12148
2001-08-31,278.84906,301.73170,79688.57000,0.43135,0.00959,290.73276,2.21780,0.55421,0.00000,0.47893,0.10881,0.07957
2001-09-30,268.26070,241.30069,79482.75000,0.40812,0.41860,287.13165,0.79972,0.39841,0.00000,0.43433,0.09565,0.11826
2001-10-31,257.68655,173.97572,79603.55500,0.33212,0.69857,283.32404,0.92339,0.15003,0.00000,0.41923,0.08361,0.22965
2001-11-30,241.00089,113.64475,79310.94000,0.34770,5.04885,275.61816,1.61846,2.30789,0.49410,0.41954,0.08226,0.28681
2001-12-31,244.03326,80.73782,79153.23000,0.33087,7.55245,270.87314,2.09007,1.84718,68.46287,0.48730,0.07206,0.25225
2002-01-31,218.57898,104.11509,79359.37500,0.26466,2.43184,269.96716,1.49407,1.16876,262.63340,0.51519,0.08979,0.56074
2002-02-28,227.25607,149.32597,79675.94000,0.29528,1.69238,273.86252,0.62049,1.33974,284.78198,0.55877,0.11140,0.59328
2002-03-31,227.56345,198.70348,79276.73000,0.28714,3.54202,273.12488,1.52759,1.13564,252.40430,0.61395,0.30380,1.09372
2002-04-30,246.69880,253.46007,79290.56000,0.41065,1.43593,277.87560,1.79719,-0.09667,252.75308,0.66679,1.53610,2.73601
2002-05-31,244.33379,324.10434,79299.67000,0.44634,0.44365,280.53775,1.92422,0.27892,101.49200,0.71942,2.04267,2.59020
2002-06-30,262.15567,342.15237,79442.38000,0.54187,0.00921,286.41794,1.71829,-0.65473,16.49857,0.66232,1.02244,1.50667
2002-07-31,284.70242,338.12448,79695.79000,0.57401,0.07227,291.10110,1.11416,-0.05283,0.00000,0.57890,0.24434,0.29474
2002-08-31,265.11560,304.90408,79647.19500,0.43557,0.00123,288.74540,1.32190,-0.65828,0.00000,0.50984,0.15748,0.11946
2002-09-30,253.77654,245.20618,79438.73000,0.34434,0.00550,286.04343,0.71209,0.29789,0.00000,0.46572,0.12889,0.10487
2002-10-31,230.63991,183.75934,79368.15000,0.26151,0.02361,280.31046,-0.17755,-1.11989,0.00000,0.44076,0.11192,0.14058
2002-11-30,229.66647,118.97301,79602.35000,0.30009,5.12620,276.14670,0.23444,1.59721,0.00000,0.42844,0.12300,0.28834
2002-12-31,244.20514,84.45274,79080.41400,0.33943,9.31929,271.62964,2.28014,3.75679,31.60703,0.53327,0.11011,0.38287
2003-01-31,245.14949,106.16444,79774.98000,0.37853,1.57632,275.75858,0.87932,1.84947,255.77032,0.58443,0.19683,0.97429
2003-02-28,215.88730,151.53134,79076.23000,0.27472,1.55662,271.77277,0.11026,0.08230,194.69140,0.66169,0.50055,0.86744
2003-03-31,234.79277,201.10771,79256.49000,0.35918,2.33948,275.28915,2.46991,1.14874,187.35448,0.66397,0.88646,1.49500
2003-04-30,247.53664,227.88953,78881.94000,0.35818,5.18973,273.70828,3.37348,2.34790,130.90637,0.70178,1.52961,1.86887
2003-05-31,254.29400,309.95570,79278.41400,0.43464,0.80004,281.19595,2.27926,0.32258,165.74219,0.71324,1.99007,3.41139
2003-06-30,257.05344,343.70624,79366.87000,0.49518,0.17442,286.65726,1.11082,-1.01991,49.69355,0.69047,2.06335,2.63349
2003-07-31,283.41846,332.86780,79751.97000,0.56881,0.49839,290.89178,1.75238,0.01379,1.41134,0.60341,0.39023,0.45467
2003-08-31,279.67517,287.56522,79704.98000,0.55059,0.23710,288.63535,1.36502,0.66021,0.00000,0.53238,0.19243,0.15585
2003-09-30,262.06880,243.98235,79614.48000,0.41081,0.13673,287.27942,-0.13543,0.34454,0.00000,0.48880,0.15098,0.15407
2003-10-31,243.94284,182.67740,79555.23000,0.31171,0.39511,283.28482,0.59305,0.38954,0.00000,0.45859,0.12874,0.16798
2003-11-30,233.69029,111.77239,79273.32000,0.30706,1.48420,272.88983,1.61476,1.49299,8.93687,0.44280,0.11419,0.34247
2003-12-31,247.04610,82.70235,79116.22000,0.32865,8.29861,271.75635,2.35348,2.79508,9.77336,0.47419,0.10722,0.59190
2004-01-31,223.48776,107.07362,79298.04000,0.29567,2.65036,271.56924,1.39477,1.63520,199.68400,0.52974,0.10921,0.41579
2004-02-29,230.23874,138.34193,79081.68000,0.31187,6.47746,270.78204,1.07051,1.80961,263.50660,0.53755,0.13492,0.60401
2004-03-31,232.26393,218.06773,79566.98000,0.37210,1.02711,278.05164,0.75827,0.91835,367.30750,0.60224,0.70977,1.97863
2004-04-30,230.67581,282.23135,79329.69000,0.36820,0.59428,278.21990,1.18720,0.01842,163.23901,0.73855,2.24204,2.32292
2004-05-31,242.88443,325.43900,79309.17000,0.42963,0.65023,281.23605,2.81951,0.29123,53.71934,0.70073,1.72595,2.26340
2004-06-30,258.48550,336.30707,79441.77000,0.45752,0.13661,285.97238,1.51724,-0.48586,5.28101,0.63762,0.60700,1.02464
2004-07-31,278.74167,336.98752,79621.78000,0.54704,0.00258,289.69370,2.34998,0.13798,0.00000,0.56342,0.21997,0.25366
2004-08-31,274.27905,295.48938,79668.84000,0.45992,0.04412,289.05722,1.64698,0.19342,0.00000,0.50047,0.15741,0.14582
2004-09-30,252.40560,242.27173,79442.12500,0.34022,0.17841,285.20844,1.40544,0.09021,0.00000,0.45863,0.13236,0.19224
2004-10-31,249.07031,167.04474,79145.66000,0.37008,4.28984,278.92870,1.15206,0.63538,0.00000,0.43725,0.13105,0.18965
2004-11-30,230.85114,112.93414,79522.60000,0.33222,2.00402,274.20715,-0.66580,-0.30876,37.79092,0.51018,0.10576,0.24786
2004-12-31,222.26520,96.92842,79310.98400,0.30068,5.71170,272.74790,0.48841,2.32816,42.51163,0.55135,0.11762,0.47081
2005-01-31,233.35956,104.81053,79155.79000,0.30751,5.68389,271.71558,1.05316,1.96958,181.23071,0.57728,0.12213,0.37897
2005-02-28,238.43707,147.38852,79144.31000,0.36288,2.05354,273.31500,-0.60243,1.01601,351.91653,0.57476,0.18530,0.48740
2005-03-31,235.81075,193.88525,79222.53000,0.33239,5.24084,274.83830,1.95232,1.34533,332.57083,0.62754,0.78913,1.39947
2005-04-30,237.27055,257.03020,79160.09000,0.36873,1.41150,276.09656,2.28367,0.99902,323.01070,0.71376,1.99567,2.71732
2005-05-31,266.23280,279.89737,79246.14000,0.50464,3.62704,280.54477,2.46038,1.03056,170.55173,0.75287,4.23965,6.01249
2005-06-30,257.77136,328.23618,79204.43000,0.52413,0.98539,282.99066,2.17106,0.58612,51.41217,0.72236,2.22260,3.24482
2005-07-31,285.48630,339.11826,79703.29000,0.63491,0.00063,291.28802,1.93607,0.19984,4.83667,0.64443,0.61262,1.05928
2005-08-31,277.24246,300.03995,79667.65000,0.53919,0.08776,289.73343,1.74883,0.21896,0.00000,0.55390,0.23589,0.30099
2005-09-30,249.90830,243.24036,79482.80000,0.39342,0.22313,283.86540,1.00714,0.37072,0.00000,0.50167,0.18254,0.24999
2005-10-31,244.19238,179.02046,79417.82000,0.37568,0.84149,280.66104,0.88023,0.99222,0.00000,0.48162,0.15542,0.27849
2005-11-30,236.16304,114.80081,79563.07000,0.34113,2.08482,276.63170,1.58602,1.58170,0.25900,0.48650,0.13643,0.27711
2005-12-31,243.18607,85.67430,79286.05500,0.37058,16.23884,273.41507,2.26634,3.05882,18.58020,0.51025,0.72941,0.34568
2006-01-31,234.87683,98.85830,79347.36000,0.32975,5.43063,271.92014,2.73159,2.54149,101.97644,0.79285,3.82367,3.27398
2006-02-28,216.90561,148.54549,79355.77000,0.27899,4.94439,272.84723,0.45152,1.71705,215.06293,0.72036,1.79008,2.04589
2006-03-31,239.18729,179.01160,78707.16400,0.31345,6.27941,270.33800,2.37248,2.79161,231.29686,0.75039,2.18889,2.53269
2006-04-30,258.49283,244.23628,79008.01600,0.43036,7.09912,276.45755,1.70906,1.69214,348.77533,0.72758,4.35508,5.01498
2006-05-31,250.02599,318.45420,79341.18000,0.46304,0.62759,282.17496,1.13702,0.59330,275.17587,0.78616,5.14184,7.26188
2006-06-30,270.35568,330.24860,79573.63000,0.54386,0.25700,287.18094,1.83960,0.04101,81.57853,0.71636,2.55739,3.65496
2006-07-31,286.85562,335.62070,79711.37000,0.60117,0.00229,290.99800,2.20267,0.84394,6.12471,0.63219,0.70797,1.12802
2006-08-31,263.16046,304.53476,79562.18000,0.42994,0.00003,288.43800,1.49721,0.40760,0.00000,0.54329,0.25282,0.33102
2006-09-30,251.75833,247.24970,79549.88000,0.32873,0.00078,285.76170,0.19786,0.48661,0.00000,0.49289,0.19541,0.27707
2006-10-31,236.41118,178.85046,79387.33000,0.33860,0.30596,279.91208,-0.07783,-0.10123,0.00000,0.46399,0.16647,0.27831
2006-11-30,240.93614,110.09667,79388.71000,0.38583,2.98534,275.54114,2.94072,2.29593,0.00000,0.45524,0.15183,0.32255
2006-12-31,224.00960,92.79654,79530.33000,0.28994,3.00979,272.17307,1.16259,1.97955,17.95986,0.50820,0.13834,3.15109
2007-01-31,200.93951,115.38026,79533.71000,0.24311,1.13994,270.08673,-0.59561,0.00471,56.93132,0.55139,0.14751,0.37449
2007-02-28,238.09540,134.45502,79216.36000,0.33672,8.38958,273.14786,2.21062,1.91598,63.46650,0.56756,0.23830,0.69960
2007-03-31,229.53265,210.44452,79515.92000,0.32370,1.05301,276.79492,1.20455,0.71330,207.62593,0.62983,0.70988,1.26600
2007-04-30,243.48987,258.65036,79233.33600,0.35643,1.21008,277.72460,2.19570,0.35905,69.55396,0.71006,1.34849,1.68853
2007-05-31,241.10138,330.22086,79365.53000,0.38321,0.52524,282.32062,1.23201,0.06630,24.46987,0.67860,1.05459,1.96458
2007-06-30,257.46100,336.58548,79456.03000,0.44826,0.26769,286.17465,2.15535,0.62745,1.14274,0.60975,0.39137,0.69221
2007-07-31,284.11090,332.98416,79639.06000,0.50926,0.00468,291.12085,1.94822,0.60260,0.00000,0.54708,0.18860,0.24846
2007-08-31,277.32010,295.77740,79542.69000,0.43881,0.33265,289.96054,2.07276,1.27747,0.00000,0.48541,0.14625,0.17650
2007-09-30,255.60793,241.92975,79408.98000,0.39372,0.67699,284.50020,0.47255,0.80412,0.00000,0.44996,0.12348,0.16471
2007-10-31,244.52722,168.58850,79440.80500,0.37242,2.16921,279.18332,1.41589,1.46217,0.11885,0.43867,0.11434,0.22517
2007-11-30,222.81892,124.32076,79588.75000,0.29267,0.67746,277.06750,0.39262,0.90887,0.00000,0.47506,0.10278,0.43648
2007-12-31,221.33403,92.73415,79308.29000,0.29712,3.51975,269.97403,1.95592,1.08946,0.00000,0.47909,0.09730,0.43095
2008-01-31,226.75436,102.09657,79001.59000,0.27497,7.86132,269.42102,1.92054,2.74954,97.85878,0.48460,0.09766,0.32575
2008-02-29,221.62784,151.27350,79358.97000,0.29884,5.18589,272.01440,1.04302,1.06871,316.64090,0.50033,0.09073,0.28975
2008-03-31,216.25797,214.71722,79475.70000,0.29319,1.06038,274.15143,2.08919,0.68063,451.27734,0.50381,0.14210,0.96754
2008-04-30,219.20030,284.09760,79276.39000,0.30917,0.24936,276.06406,2.59165,0.83547,316.22244,0.63562,1.07332,1.90849
2008-05-31,248.40327,315.81700,79239.92000,0.40627,0.80269,280.73672,0.77737,-1.18661,90.04707,0.73287,2.30756,2.76772
2008-06-30,248.09410,345.06842,79554.70000,0.39992,0.00077,285.58438,1.50670,-0.25110,6.63688,0.66812,0.70403,1.00636
2008-07-31,267.21835,343.43814,79582.50000,0.41091,0.00649,290.06198,1.45167,0.06109,0.00000,0.57960,0.23033,0.21694
2008-08-31,275.45526,299.79840,79508.98400,0.40151,0.00214,290.55870,1.15252,0.46250,0.00000,0.50870,0.15582,0.13195
2008-09-30,252.79237,246.29959,79554.65000,0.28433,0.00000,286.81460,-0.48793,0.67220,0.00000,0.45961,0.12781,0.15307
2008-10-31,239.85114,172.06851,79656.12500,0.29689,1.09795,280.86330,0.37070,0.78185,0.00000,0.43287,0.11517,0.17362
2008-11-30,235.78163,117.42574,79627.08600,0.33743,3.49670,277.29965,0.64046,1.03490,0.03123,0.43930,0.11397,0.17758
2008-12-31,219.64629,93.53792,79169.64000,0.24052,4.15853,271.25885,2.24435,1.70397,0.61020,0.52379,0.10914,0.22102
2009-01-31,214.99057,109.18048,79819.48400,0.27834,1.87570,273.14548,-0.05445,0.40989,125.50888,0.51878,0.10390,0.33243
2009-02-28,225.54248,149.44217,79038.51600,0.30442,5.64151,271.94662,1.15542,2.84542,139.08530,0.55153,0.14389,0.56135
2009-03-31,216.33649,210.81783,79176.87500,0.29472,5.83684,273.23750,2.14764,1.31309,211.91174,0.61702,0.67526,1.33557
2009-04-30,225.64845,273.83810,79235.11000,0.32141,0.88556,276.69540,1.71700,-0.05416,222.47636,0.70759,1.71998,2.08323
2009-05-31,258.92838,311.67526,79418.26000,0.45703,3.00107,283.27374,2.00769,0.65195,86.45564,0.72135,3.18733,4.24192
2009-06-30,266.09265,319.92618,79191.07000,0.50675,0.93129,284.35867,1.67676,-0.11937,5.41983,0.67090,0.88967,1.34991
2009-07-31,266.07822,344.18457,79691.01600,0.37666,0.12437,289.88464,1.98571,0.39385,0.00000,0.59826,0.26911,0.34214
2009-08-31,269.72668,298.72772,79634.21000,0.39456,0.20134,288.83545,1.52864,0.58291,0.00000,0.52346,0.18080,0.17224
2009-09-30,258.91693,244.37480,79611.58600,0.31471,0.00239,287.85420,0.68651,0.94716,0.00000,0.47554,0.14747,0.17366
2009-10-31,240.98264,172.92694,79291.73000,0.36194,3.19864,279.09705,0.87924,0.03328,0.00000,0.44430,0.16253,0.16553
2009-11-30,221.32442,122.61491,79420.80500,0.28299,1.31713,275.93450,0.74829,1.46213,0.00000,0.51398,0.12147,0.33986
2009-12-31,222.61224,92.04280,79083.41400,0.27384,4.60404,270.04517,1.12499,1.47454,10.13680,0.52490,0.11419,0.22459
2010-01-31,245.37341,99.84897,79021.15000,0.36300,5.36280,272.97565,1.03144,2.90936,140.12775,0.53075,0.12033,0.35164
2010-02-28,236.26150,145.24428,79065.70000,0.36166,3.78246,273.44430,0.97240,1.29231,238.72125,0.58622,0.22511,0.41082
2010-03-31,223.09792,199.98990,79183.87000,0.29173,4.16223,273.62662,1.56315,1.61516,249.69714,0.65462,0.58414,0.89693
2010-04-30,231.96782,246.98273,78924.89000,0.33048,4.54025,274.49900,2.04044,1.47364,245.43062,0.71828,1.68529,1.99161
2010-05-31,239.49323,299.10175,79211.76600,0.38133,1.70392,276.98430,2.15011,0.51626,216.86244,0.74925,2.54208,3.16426
2010-06-30,263.18463,323.54785,79502.35000,0.54248,0.21793,284.64612,1.81426,0.25137,112.35916,0.72449,2.97409,4.36869
2010-07-31,271.31824,343.55980,79620.98000,0.53077,0.08367,289.98563,1.23477,-0.50602,7.05583,0.64878,0.75884,0.91657
2010-08-31,260.30500,300.01343,79470.10000,0.42749,0.19982,287.70117,1.78390,0.38238,0.00000,0.55929,0.24282,0.20510
2010-09-30,247.02628,249.19902,79519.95000,0.33189,0.05026,286.14844,0.55567,0.66883,0.00000,0.50936,0.18071,0.16485
2010-10-31,260.54025,163.83089,79534.01600,0.44564,6.40024,280.90286,0.69191,1.03568,0.00000,0.47775,0.24856,0.28120
2010-11-30,227.10608,114.99725,79375.50000,0.31615,5.22247,273.66818,1.81438,1.42968,0.56126,0.62699,0.37399,0.19884
2010-12-31,245.60806,86.03552,79039.68000,0.37521,10.05885,272.76190,2.53362,2.78675,116.88208,0.63284,0.99354,0.25629
2011-01-31,216.18623,113.85750,79579.76000,0.28330,0.90472,272.86136,0.25198,0.37522,267.87363,0.71786,1.13138,0.86851
2011-02-28,202.68303,155.64297,79125.19500,0.23826,6.44507,269.72137,1.35910,1.46406,249.66776,0.70295,0.94454,0.73566
2011-03-31,243.89080,184.34094,79100.17000,0.36024,10.76009,272.87476,3.04079,3.17637,396.72147,0.68595,2.43828,1.58507
2011-04-30,236.68549,246.09122,79201.50000,0.37087,2.14930,275.25717,3.16220,0.84112,554.60095,0.72990,3.89525,4.94660
2011-05-31,243.04518,295.70758,79114.75000,0.39867,1.89494,277.69330,2.64312,0.81490,376.96774,0.77086,4.53013,5.74284
2011-06-30,258.93408,317.67020,79231.44000,0.51743,2.33039,282.97247,1.65378,0.01029,202.65155,0.74539,4.34258,6.96454
2011-07-31,265.22562,343.22580,79477.72000,0.54763,0.07731,288.19836,1.64806,0.40581,61.30243,0.70927,2.34283,3.41193
2011-08-31,260.69055,304.57388,79571.30000,0.44416,0.00000,288.56326,2.02950,0.37244,3.21229,0.60925,0.53825,0.64421
2011-09-30,265.49340,244.48985,79697.48000,0.43519,0.53206,287.62753,0.14943,0.17225,0.00000,0.54150,0.25416,0.34788
2011-10-31,243.75801,173.28445,79544.09000,0.39113,1.77227,280.91284,0.78207,1.21254,0.00000,0.51126,0.22636,0.52374
2011-11-30,221.56796,118.56344,79356.72000,0.29363,1.27028,274.53590,1.81762,1.62929,0.00000,0.53218,0.19444,0.45707
2011-12-31,199.39728,103.11968,79712.95000,0.23265,0.01909,271.98618,-1.05378,0.17182,2.77306,0.55183,0.18687,1.34727
2012-01-31,218.63824,106.49875,79595.30000,0.27017,4.46331,273.76100,1.57670,1.95840,0.55202,0.54720,0.22376,0.63035
2012-02-29,216.06041,152.05990,79285.34000,0.27702,1.77766,272.17624,1.20058,0.31618,74.48656,0.59765,0.26609,0.35397
2012-03-31,236.85565,183.81885,79015.83000,0.33744,6.90951,273.56552,3.36825,3.35087,66.25182,0.63314,0.72988,0.95599
2012-04-30,239.39545,263.16837,79225.41000,0.37603,2.66091,277.19763,2.31499,1.55385,103.61160,0.72233,1.72778,2.35280
2012-05-31,235.96591,333.27680,79387.13000,0.37087,0.39017,281.79034,1.50270,-0.15189,46.63229,0.72320,1.76829,2.33333
2012-06-30,251.60779,338.14392,79369.52000,0.44072,0.50509,285.04940,1.74285,0.69056,1.18950,0.64051,0.47744,0.76883
2012-07-31,272.07828,338.91504,79605.16400,0.51077,0.40332,289.46152,2.04075,0.55736,0.00000,0.57179,0.22207,0.26561
2012-08-31,278.22600,297.48727,79653.25000,0.42103,0.29794,290.95980,1.95995,0.61990,0.00000,0.51378,0.16557,0.12896
2012-09-30,260.74496,245.15780,79783.03000,0.33667,0.13046,288.15863,0.04684,0.46483,0.00000,0.46478,0.13855,0.11367
2012-10-31,245.49463,172.85353,79540.49000,0.33845,1.72217,281.80230,1.38531,0.66624,0.00000,0.43570,0.12264,0.39048
2012-11-30,240.13406,111.40461,79426.83600,0.34948,6.02057,276.38144,1.80469,2.89374,9.83042,0.45924,0.10811,0.31221
2012-12-31,230.62355,86.16344,78939.89000,0.30417,9.08804,270.41370,2.65890,2.33944,23.49910,0.56323,0.96736,0.23716
2013-01-31,203.57759,111.65092,79486.33000,0.24645,0.70591,269.86203,-0.00386,0.33525,175.84440,0.66182,0.43543,0.50709
2013-02-28,199.94197,160.62547,79444.08000,0.24308,0.23837,271.84348,0.44941,-0.14463,176.02527,0.65564,0.50635,0.52353
2013-03-31,231.22290,203.22295,79404.41000,0.33099,1.91104,276.29608,1.42851,0.95275,127.03487,0.67421,0.97827,1.10744
2013-04-30,232.63522,278.64877,79398.24000,0.35681,0.55926,278.47595,1.38480,-1.32787,62.84014,0.70714,1.24012,1.65078
2013-05-31,243.13976,318.25482,79417.51600,0.39831,1.40332,281.34613,1.75872,-0.24505,17.50690,0.66108,0.91534,1.55128
2013-06-30,263.42890,328.55194,79507.75000,0.48559,0.68757,286.81080,1.36502,0.10000,0.24021,0.61897,0.31497,0.66677
2013-07-31,283.69244,333.53060,79674.49000,0.53012,0.23957,291.11930,1.95184,0.03672,0.00000,0.56096,0.18744,0.20528
2013-08-31,272.75653,295.24120,79612.86000,0.47701,0.11818,288.57720,1.82397,0.79070,0.00000,0.49582,0.14549,0.13661
2013-09-30,265.99762,236.47368,79393.84000,0.48289,0.85974,285.46738,1.85793,0.91146,0.00000,0.45594,0.12639,0.18869
2013-10-31,222.99626,184.12946,79463.83000,0.25733,0.71762,279.02290,-0.00745,-0.12935,0.00000,0.44765,0.10935,0.18600
2013-11-30,229.66904,120.55431,79501.86000,0.29250,0.59530,276.39580,-0.31527,0.78224,11.58315,0.43729,0.09897,0.39854
2013-12-31,203.67274,99.42456,79503.64000,0.21750,1.00225,271.27142,-0.00671,0.32491,1.64277,0.45325,0.08975,1.68501
2014-01-31,217.43486,112.15585,79774.78000,0.26043,1.78576,275.11703,0.02559,0.57950,8.34828,0.46992,0.08394,0.23474
2014-02-28,235.88150,142.86730,79117.55000,0.32663,7.40643,274.27870,2.92919,1.96998,16.83628,0.50826,0.14877,0.84985
2014-03-31,228.85152,206.86462,79343.98000,0.31763,3.16064,275.91974,1.81837,1.57701,55.67565,0.64066,0.56190,0.84378
2014-04-30,231.80576,278.80075,79319.93000,0.34651,1.49907,277.83853,1.97946,0.42912,51.26923,0.66739,0.82789,1.08261
2014-05-31,240.90814,323.48486,79478.99000,0.38747,0.66550,281.82468,2.14184,-0.06879,9.77414,0.65979,0.57576,1.08430
2014-06-30,251.84651,345.24902,79420.32000,0.41012,0.00004,286.31686,2.07880,0.00858,0.00000,0.59692,0.22454,0.42204
2014-07-31,304.17487,301.22790,79870.22000,0.63022,0.79394,291.88730,1.04598,0.16805,0.00000,0.53263,0.13715,0.20355
2014-08-31,283.49872,278.50700,79675.03000,0.55420,1.40596,288.66086,1.52015,0.47064,0.00000,0.49097,0.11094,0.14065
2014-09-30,269.06207,233.34760,79491.87000,0.46403,0.90077,286.74963,0.94856,0.56023,0.00000,0.46945,0.09539,0.11707
2014-10-31,244.21895,178.21716,79533.35000,0.36621,0.59494,282.36484,0.71605,1.52404,0.00000,0.46346,0.08437,0.23142
2014-11-30,236.73050,115.56895,79563.12000,0.33267,2.21129,277.07920,1.92811,1.45687,0.00000,0.45133,0.07789,0.20996
2014-12-31,243.44733,85.86024,79228.41400,0.38103,5.21287,273.29187,1.56539,1.77396,16.46821,0.48256,0.13806,0.25409
2015-01-31,229.86668,111.73563,79763.04000,0.32710,0.08517,275.55790,-0.25939,0.50713,47.26421,0.59538,0.23759,0.36828
2015-02-28,231.44481,151.20060,79487.86000,0.32200,5.71477,277.08470,0.71278,1.16617,18.51603,0.60294,0.90937,1.27838
2015-03-31,230.23383,208.86653,79583.67000,0.32026,0.51132,278.17285,0.45275,0.97229,33.02597,0.67079,0.59071,0.65706
2015-04-30,223.18085,281.63083,79229.56000,0.30391,1.78341,277.37020,1.17935,0.02508,6.01654,0.64425,0.43640,0.56764
2015-05-31,256.36417,301.54306,79131.98000,0.44857,1.79096,280.93088,2.17337,-0.65227,0.66001,0.63484,0.28279,0.64713
2015-06-30,268.46426,335.23373,79502.02000,0.47758,0.72701,288.15210,1.32333,-0.15601,0.00000,0.60839,0.18619,0.30311
2015-07-31,284.34067,321.35920,79624.39000,0.57266,1.00423,288.78253,1.25468,-0.26745,0.00000,0.54325,0.12477,0.14459
2015-08-31,272.30093,293.44660,79677.10000,0.40824,0.22860,289.51020,1.70580,0.92094,0.00000,0.49964,0.09693,0.09462
2015-09-30,264.41803,235.36465,79483.05000,0.33918,0.10707,287.03170,1.54130,1.39424,0.00000,0.45458,0.08293,0.09886
2015-10-31,257.53943,172.38693,79525.27000,0.41061,1.85087,282.79337,-0.02280,0.35423,0.00000,0.42945,0.07560,0.14336
2015-11-30,220.76483,114.87161,79300.01000,0.30321,3.15933,272.63828,1.11552,0.47074,0.00000,0.45134,0.06816,0.18888
2015-12-31,232.19502,83.53769,79062.41400,0.31219,6.25409,270.20828,3.33227,1.91465,22.90774,0.50873,0.07011,0.66006
2016-01-31,240.01868,94.83070,79139.94000,0.33844,7.34733,271.55606,1.67896,2.62121,123.63330,0.58923,0.19791,0.79869
2016-02-29,221.43881,155.26251,79715.23400,0.29272,1.57518,275.07404,0.77722,1.50475,221.95015,0.69467,0.72746,1.37056
2016-03-31,243.82532,194.43547,79121.51000,0.38117,7.21602,275.52203,2.99206,2.05584,174.16917,0.71405,2.74064,3.22069
2016-04-30,240.15059,277.27042,79369.76600,0.41309,2.44396,278.71040,1.01799,-0.10833,176.41240,0.74777,2.82897,3.18341
2016-05-31,252.30124,314.43222,79317.86000,0.49114,1.93634,280.94864,1.14167,-0.18599,78.32148,0.73336,2.40933,3.15011
2016-06-30,259.54736,331.22073,79669.47000,0.50306,0.10719,286.81528,2.01278,0.96402,15.58691,0.68016,0.96074,1.73192
2016-07-31,264.72030,343.42435,79729.57000,0.51602,0.00000,289.36240,2.45158,0.58078,0.00000,0.59338,0.28131,0.39922
2016-08-31,268.01526,302.87766,79691.51000,0.44226,0.07777,289.97550,1.64230,-0.26625,0.00000,0.52337,0.18788,0.22842
2016-09-30,255.73843,242.56413,79636.00000,0.38371,0.01349,285.86790,1.08983,0.02250,0.00000,0.47638,0.15430,0.15859
2016-10-31,253.49315,159.18459,79329.61000,0.42747,8.29424,279.95010,2.33117,2.85337,0.00000,0.45078,0.20560,0.15297
2016-11-30,232.72275,120.34905,79432.77000,0.35613,2.66404,276.46878,1.61012,2.44497,0.98974,0.65903,0.63662,0.20623
2016-12-31,225.21288,93.22053,79304.91400,0.31252,7.05232,271.99340,1.72630,1.69310,35.28699,0.65009,1.93483,0.45814
2017-01-31,230.37361,100.65134,78902.87500,0.28975,17.87190,270.00894,1.98077,2.91749,60.03148,0.72737,2.94285,3.83620
2017-02-28,243.29634,129.03105,78940.46000,0.35237,16.60859,272.09158,2.52373,3.82845,483.48718,0.71816,7.21587,6.74014
2017-03-31,234.88635,202.60988,79565.17000,0.35305,4.19610,275.46088,2.00371,2.15930,621.18410,0.75610,4.36247,4.98548
2017-04-30,242.55570,258.60257,79361.19000,0.39787,5.17743,276.11288,1.96090,1.98306,506.37180,0.79335,6.71194,7.74539
2017-05-31,244.52129,328.15097,79350.98400,0.46237,0.80595,281.75168,0.81899,-0.10155,349.43920,0.79163,6.10076,8.89960
2017-06-30,267.53287,330.55716,79501.91400,0.57085,0.37236,286.61188,1.38388,0.36329,111.40247,0.72876,3.21412,5.74942
2017-07-31,279.87994,338.11350,79817.76000,0.57294,0.02370,291.29620,1.67818,0.46432,18.14540,0.64141,1.02578,1.94433
2017-08-31,291.64938,285.83987,79710.39000,0.58032,0.59785,290.80920,0.71429,-0.11552,0.00000,0.55364,0.28730,0.70674
2017-09-30,265.41696,227.93306,79514.20000,0.45279,1.24849,284.96085,-0.17181,0.28545,0.00000,0.50443,0.20548,0.54254
2017-10-31,223.38956,184.61661,79608.80000,0.28266,0.55290,280.35236,-0.31767,0.34271,0.00000,0.49478,0.17636,0.65786
2017-11-30,244.59584,111.11681,79355.48000,0.40121,7.72626,276.83426,2.48459,3.01315,0.00000,0.48591,0.34254,0.72261
2017-12-31,212.39922,102.05794,79814.85000,0.21608,0.54186,274.96622,0.14613,0.90000,14.89507,0.66264,0.55497,2.55626
2018-01-31,244.65904,100.40816,79517.19000,0.33988,3.68158,274.90704,1.61819,2.27994,10.40706,0.64369,0.67353,1.00458
2018-02-28,206.68837,154.12071,79296.01600,0.23299,1.14191,271.44968,1.21344,-0.58953,44.99155,0.67075,0.71811,0.59764
2018-03-31,231.20628,190.00385,79034.06000,0.31220,9.92755,272.38406,1.85684,2.17781,40.47288,0.66373,1.56002,1.77548
2018-04-30,239.55789,260.52502,79324.98000,0.36680,2.37842,277.79056,2.04849,1.45827,154.68034,0.75453,3.95165,4.39339
2018-05-31,257.68134,311.35210,79287.51600,0.49277,2.03492,281.75317,1.39673,-0.87230,26.88560,0.72457,1.53868,2.57504
2018-06-30,256.03635,343.70312,79435.73400,0.49142,0.09954,286.48242,1.74322,0.18553,0.55930,0.67544,0.52665,1.09936
2018-07-31,293.19678,333.94302,79893.83000,0.62168,0.16776,291.91803,1.73112,-0.30979,0.00000,0.58602,0.26261,0.39861
2018-08-31,271.66653,301.99950,79701.17000,0.41750,0.01564,290.25830,2.33284,0.18231,0.00000,0.51506,0.19557,0.25279
2018-09-30,247.90898,247.00713,79481.78000,0.29335,0.00000,286.27164,1.64852,0.68427,0.00000,0.46552,0.16508,0.26398
2018-10-31,239.15103,174.92494,79490.87500,0.35116,0.56652,280.21475,-0.43256,-0.16465,0.00000,0.43859,0.14571,0.41687
2018-11-30,227.39310,121.19252,79468.80000,0.25797,3.49716,276.66946,0.41208,0.91403,0.00000,0.43534,0.13266,1.15883
2018-12-31,227.24873,91.82896,79400.52000,0.31006,1.96062,272.30734,0.92338,1.11365,42.37097,0.48563,0.11600,0.63833
2019-01-31,232.13467,106.32453,79274.48000,0.32865,8.37561,272.81128,0.32211,2.26465,61.42809,0.51869,0.13603,0.48337
2019-02-28,232.06018,131.35004,78501.18000,0.28537,16.10124,268.50745,2.99597,3.16822,249.68465,0.57327,0.46358,1.18141
2019-03-31,231.78969,192.85243,79140.85000,0.32573,3.89868,273.02914,0.81386,1.83063,578.47020,0.65058,1.34590,1.49294
2019-04-30,243.50705,261.13583,79304.22000,0.40670,1.67166,278.31520,2.30074,0.35223,555.45780,0.69679,5.14089,6.32661
2019-05-31,254.05536,295.40173,78996.65000,0.43013,2.80391,279.11298,1.73136,-0.39065,232.78362,0.78714,4.70226,5.42731
2019-06-30,258.42310,339.08337,79505.15000,0.50863,0.11653,285.60754,0.90886,-0.43439,88.72732,0.74473,2.71806,5.12511
2019-07-31,273.44455,337.31787,79677.87000,0.56349,0.05105,288.88937,2.22130,0.55787,7.65463,0.64739,0.74320,1.39727
2019-08-31,275.68478,299.81440,79684.75000,0.51567,0.03275,289.80557,1.33666,0.08483,0.00000,0.56333,0.27322,0.38882
2019-09-30,257.89658,236.62755,79467.51600,0.44942,1.24055,284.24948,1.62990,0.85181,0.00000,0.50671,0.20966,0.32616
2019-10-31,215.32947,187.11812,79527.01600,0.23547,0.01157,278.35140,-0.30721,0.20219,4.30881,0.49998,0.17459,0.23546
2019-11-30,227.04747,123.34478,79324.50000,0.25465,1.41265,276.79760,-0.49272,0.39276,0.00000,0.48277,0.15288,0.23309
2019-12-31,239.98712,87.44189,79192.25000,0.35434,6.36765,272.30228,0.78307,2.15506,38.23389,0.47540,0.15087,0.28044
2020-01-31,238.93694,103.08056,79538.01000,0.34276,1.84245,272.94373,2.74691,1.90118,125.61946,0.57388,0.18105,0.38731
2020-02-29,208.95850,161.92660,79682.83600,0.25144,0.08352,274.16553,-0.10458,-0.41001,127.21600,0.61218,0.26146,0.39850
2020-03-31,231.47635,195.21068,79098.66000,0.33033,4.82766,273.12860,1.01360,1.46894,68.64703,0.64076,0.41110,0.62558
2020-04-30,234.98340,280.35397,79328.36000,0.39215,1.89548,278.06070,1.31297,-0.38474,137.38898,0.66779,1.17465,1.92539
2020-05-31,250.96301,304.86426,79388.38000,0.43951,1.50632,281.83408,2.06525,1.19385,36.94072,0.70652,1.57876,2.45503
2020-06-30,259.03717,332.40850,79470.46000,0.48961,0.34632,285.43893,1.78229,0.18584,1.22296,0.65046,0.48520,1.01449
2020-07-31,270.09088,343.76205,79640.55500,0.49619,0.12706,290.25497,1.43586,-0.12934,0.00000,0.57616,0.21463,0.33286
2020-08-31,284.61840,296.56820,79672.35000,0.50547,0.13902,291.52320,1.14887,0.30294,0.00000,0.50897,0.15795,0.22831
2020-09-30,257.80795,248.19635,79772.84000,0.35120,0.00021,288.45837,-0.22486,0.60034,0.00000,0.46106,0.13247,0.21906
